Date,AK,AL,AR,AZ,CA,CO,CT,FL,GA,IA,ID,IL,IN,KS,KY,LA,MA,MD,ME,MI,MN,MO,MS,NA,NC,NE,NH,NJ,NM,NV,NY,OH,OK,OR,PA,RI,SC,TN,TX,UT,VA,VT,WA,WI,WV
Mix,0,0.028846154,0.022157191,0.018394649,0.00041806,0.019648829,0.038879599,0.006688963,0.081939799,0,0,0,0.007107023,0.008779264,0,0,0,0,0,0,0.017558528,0.04264214,0.014214047,0,0.003762542,0,0,0.056438127,0.010869565,0,0.048494983,0.06229097,0.035117057,0.017558528,0.035117057,0,0.032608696,0.028010033,0.252090301,0.010869565,0.050585284,0,0.029682274,0.004598662,0.014632107
9/2/2014,,191.2528571,289.605,,240.8966667,299.6366667,224.882,499.22,226.2735,56.93,,220,267.795,157.11,510.714,,,,,,452.37,310.79625,292.25,,126.83,,,302.2676923,,,315.8325,189.6046154,282.94,271.7233333,205.3692308,,200.2364286,327.7972727,303.0324324,220,244.0784615,,267.18,143.9866667,197.87
9/3/2014,,322.147,253.876,250.2,187.3866667,219.35625,243.9623077,259.7357143,220.8354167,,,,,279.75,,,,,,,242.4783333,248.0985714,275.915,,150.935,,,367.6141667,412.3,,295.3275862,209.2735,387.3666667,165.315,233.1205,,323.555,163.7738462,284.4863043,161.88,303.2475,,286.5942857,217.982,264.464
9/4/2014,,361.409,298.6025,216.815,217.41,244.316,329.0714286,310.7375,204.7628571,220,,42.64,260.6071429,220.63,,,,,,,321.484,281.02875,175.3642857,,511.01,,,480.5027273,535.3,,263.3090909,301.3214815,,228.615,125.6807143,,261.3941667,206.7388889,296.1572727,312.885,195.314,,290.2985714,386.765,206.995
9/5/2014,,237.16125,257.84,189.755,277.935,211.8433333,283.4066667,285.2166667,274.01,,,57.3,200.196,199.82625,529.07,,,,,,255.0085714,189.935,280.475,,,,,427.1464706,406.6066667,285.57,251.4890323,187.2513333,299.8507143,222.1314286,202.3338235,,231.2026667,294.13,262.2314894,227.2766667,250.665,389.84,192.8125,382.0628571,625.92
9/6/2014,,,,,,,,,148.552,,,,,,,,,,,,,,,,,,,,,,,270.515,246.85,,408.15,,475,229.595,139.385,,,,,,
9/8/2014,,150.03,194.9666667,392.6966667,325,213.2442857,257.2327273,469.5533333,196.2043478,,,,82.23,122.1366667,225,,,,,,261.32,95.76333333,308.4075,,112.15,,,392.6575,130.885,,306.6095455,235.78875,183.11,291.355,213.0947059,,227.094,319.65875,296.0583333,138.685,339.43,,229.57,183.0125,522.86
9/9/2014,,218.7566667,142.01,142.635,,254.156,392.8169231,350.8416667,205.5027273,,,,175.778,,,,,,,,177.966,197.04,166.12,,220,,,261.72875,130.05,,202.854375,182.0845833,254.9575,181.03,171.7792857,,205.29,218.1873333,315.9588571,365.34,285.8527778,,121.015,339.455,579.97
9/10/2014,,256.76875,433.88,272.1,,126.5583333,367.0072727,227.7325,199.3577778,,,220,214.7375,115.6433333,,,,,,,267.15,189.21,323.795,,,,,392.8292308,168.2266667,,308.5109091,242.5724,161.85,250.7116667,163.47,,308.866,178.5622222,240.8241304,250.4816667,265.998,,276.5554545,,273.7066667
9/11/2014,,253.7325,156.288,238.8925,161.73,159.774,317.3966667,369.398,218.9125806,,,177.28,246.306,198.744,97.325,230.62,,,,,212.54,279.892,434.9816667,,,,,388.7309091,,,352.6981818,157.3885,297.4975,184.782,120.3733333,,330.1761111,265.0433333,345.9637778,,413.3714286,,297.5328571,341.53,393.1775
9/12/2014,,200.3578571,353.3728571,327.7633333,173.78,236.22,222.5270588,412.722,222.0615385,,,,138.255,364.335,208.995,,139.85,,,,162.1175,173.6342857,302.60625,,,,,471.8483333,,,256.5414815,261.0190625,408.216,272.78,224.0536842,,241.8095455,203.4983333,295.799,256.0433333,266.2084615,,325.4283333,180.4416667,334.234
9/13/2014,,98.59,,317.395,,292.31,141.74,,246.3833333,,,,,,,,,,,,114.24,,,,,,,,,,166.64,219.495,,,220,,342.15,139.6733333,203.565,,180.82,,171.33,,157.66
9/15/2014,,199.80625,291.615,220.05,135.458,350.0972727,215.569,274.46,193.7470588,,,120.62,173.1083333,157.4425,,,,,,,210.47125,292.74,318.05,,268.7,,,509.1755556,209.89,,237.3513043,123.28,280.16,164.546,267.0577778,,248.469,265.8311111,290.4840541,234.94,264.793,67.65,444.6866667,107.4733333,286.935
9/16/2014,,246.85875,272.0433333,541.88,237.2966667,389.8116667,290.3991667,388.45,182.5658824,,,90.21,187.6,322.37,,,,,,,188.91,270.705,335.5485714,,,,,431.6377778,367.0933333,,268.5441667,225.4776923,189.2,239.048,296.0563636,,232.6366667,195.04875,344.6078125,101.645,293.9014286,,279.6955556,289.104,74.25
9/17/2014,,393.998,294.0133333,278.11,105.65,270.74,319.69,291.1033333,238.0478947,,,,39.41,,,,,,,,194.32,,461.35,,177.1,,,374.7933333,423.6525,,293.8393548,156.4285,207.7316667,445.94,187.4153333,400.34,288.3757143,255.2833333,286.54025,166.575,146.6628571,,256.52,140.4566667,264.8
9/18/2014,,134.69,319.67,332.5675,,268.8944444,348.0228571,262.19,283.2575,,,,,,,,,,,,176.61,167.6866667,362.4266667,,294.76,,,433.46875,,,313.3142857,221.17,222.1066667,220,233.7111111,,231.2936364,226.924,244.2474468,481.2275,305.315,,301.2575,205.0575,569.484
9/19/2014,,339.4883333,240.3711111,361.86,313.285,328.5781818,177.9469231,318.985,218.4024,,,,162.28,301.9785714,261.91,,,,,,306.37,277.9542857,287.435,,116.73,,,482.658,141.88,,267.9062963,211.402069,163.01,208.7533333,220.5208,,335.4185714,163.8763158,293.3624074,156.3366667,209.5133333,,34.365,222.34625,434.02
9/20/2014,,147.89,427.99,149.3833333,274.055,256.5833333,164.35,247.125,372.045,,,,175.06,446.92,,,,,,,148.89,206.02,262.69,,,,,441.19,452.96,,265.226,246.038,238.065,240.365,131.9344444,,522.0433333,232.88,378.23,155.9375,447.6,,,110.7,155.71
9/22/2014,,293.6677778,297.5175,328.275,,197.77,246.7991667,259.98,267.9473333,220,,32.51,177.5366667,223.1666667,197.13,,220,255.24,,,275.8725,250.6316667,316.9075,,369.52,,,452.9781818,171.325,,292.126087,177.000625,266.562,194.8866667,245.5921429,,182.4942857,190.734,212.4434375,237.51,227.4945455,,232.6175,40,466.81
9/23/2014,,294.94875,170.285,419.602,56.29,191.6516667,244.356,270.575,288.8116667,,,,179.6,140.172,251.005,,,,,,267.44,243.17125,230.9533333,,287.21,,,364.088,170.8133333,,256.0771429,258.0073333,220.9066667,220,232.5976923,,211.8436842,167.4716667,349.1157778,262.16,328.9706667,,174.1577778,203.06,267.32
9/24/2014,,183.339375,213.355,344.1583333,153.0066667,239.7745455,248.335625,305.764,204.4343478,,,22.89,130.784,247.3028571,665.4,,,,,,352.885,361.782,328.835,,124.69,,,354.9923077,166.525,,257.34375,190.1411111,170.0466667,250.49,271.4194118,,248.4875,242.9145455,284.7692593,262.5783333,465.4666667,,246.49,116.715,155.895
9/25/2014,,196.10875,338.732,171.5333333,168.175,275.3244444,223.6323077,618.74,259.8976471,,38.47,,172,334.595,288.54,,,,,,566.77,206.02,238.1433333,,,,,434.035,,,331.8327586,205.7696296,225.2475,379.075,226.7110526,,243.1966667,235.8877778,295.9404,193.24,310.1614286,,164.3225,470.13,310.3466667
9/26/2014,,306.4476471,243.99,178.2933333,216.81,261.6414286,310.743,210.198,240.9018182,,,,183.4488889,159.42,278.35,,,,,,228.9533333,245.1327273,258.632,,50.04,,,372.0438095,319.57,,213.4459259,231.5708333,154.548,297.8257143,286.6905263,,242.1173333,137.6811111,250.8173214,211.8125,341.295,,271.224,50.54,103.3533333
9/27/2014,,336.42,121.98,458.9533333,181.93,,662.745,,220,,,,,,,,,,,,383.505,173.965,241.835,,,,,241.91,,,268.835,167.7983333,,220,175.684,,479.96,96.7,295.1130435,104.22,421.97,,219.685,97.95,370.845
9/29/2014,,313.9557143,287.024,276.8966667,308.035,189.4625,376.1869231,289.2,250.1254167,,,475,156.705,276.37,601.01,,,,,187.17,267.505,265.00125,268.7688889,,19.81,,79.15,394.872,186.2633333,,216.7809524,195.934,118.5933333,266.88,274.2147059,,259.6473333,159.5654545,280.7439286,272.5,254.375,,168.225,212.45,
9/30/2014,,274.16125,332.8075,115.09,220,211.1211111,247.84,240.0116667,226.2151613,,,,170.454,309.315,114,,,,,,293.2225,271.865,240.4983333,,106.45,,,432.4830435,412.08,,302.2213793,199.7263636,279.395,200.3323077,217.115,,378.9764286,147.01,269.2953846,220,234.705,,299.888,330.48,298.43
10/1/2014,,183.01375,325.0885714,217.3,220,284.585,218.7553333,422.664,207.2444444,,,,151.0333333,195.0183333,,,,,,206.1,176.61,300.5566667,259.668,,220,,,450.4752941,220,,197.237037,201.9065,250.0472727,282.0816667,171.0621429,,258.3945455,180.3573333,295.6164179,247.17,357.835,,182.96,239.785,48.69
10/2/2014,,273.8811111,339.4775,163.85,74.81,194.2461538,208.7144444,249.7,180.0035294,,,,238.565,155.15,,,,,,158.6,334.135,233.792,301.3028571,,251.2766667,,,434.5188889,220,,221.9765,259.6943478,303.1633333,220.825,223.257,,189.5625,307.902,258.7157143,110.8,386.04,220,515.8466667,442.92,146.7066667
10/3/2014,,238.85625,272.55,248.2,220,327.1057143,201.3254167,250.6466667,234.5122581,,,,340.57,224.9083333,225.415,,,,,,202.32375,249.9338889,222.112,,131.39,,,400.2465217,220,,267.8925,171.9458974,245.3858824,308.048,215.8228571,,216.2183333,218.6531579,233.5479775,220,276.594375,,233.8792308,254.515,293.6
10/6/2014,,250.4533333,254.52,259.62,169.23,260.7166667,241.7366667,314.9733333,221.9528571,,,,176.0025,47.33,,,,,,,300.635,303.64,282.1072727,,305.61,,,349.6327273,181.7033333,,273.7742105,232.2315385,250.4433333,320.2375,238.5823077,,228.9516667,318.3618182,334.3082,224.21,246.5466667,,195.565,369.3066667,270.49
10/7/2014,,131.45875,313.525,228.14,,251.4184615,406.3533333,308.85,223.0675,,,,252.1833333,439.755,,,,,,,,271.482,217.1916667,,271.18,,,301.2108333,582.08,,201.11,155.5383333,271.515,,341.2718182,,339.6557143,376.77,286.5281538,296.17,247.9507692,,253.6123077,211.41,161.47
10/8/2014,,291.49,391.63,280.1033333,235.805,211.5066667,239.63,249.895,296.3155556,,,,210.7966667,342.6166667,212.38,,,,,,347.0825,195.6833333,336.4428571,,,,,243.5457143,234.49,,175.0364286,210.536,247.619,230.416,169.1585714,,230.4085714,148.3285714,264.5296875,289.5825,248.487,,221.0185714,106.7325,212.81
10/9/2014,,167.1025,348.278,308.0425,215.92,406.4366667,471.37,287.565,281.9309091,,,55.4,172.87,267,,,18.55,,,,505.28,131.6257143,284.2,,,,,344.76,315.028,,157.892,242.1178571,187.8145455,297.178,204.835,,290.9977778,138.7914286,286.1646,200.32,229.7784615,,422.7366667,144.105,44.75
10/10/2014,,143.6325,398.6675,348.446,228.36,307.1033333,197.3766667,243.87,218.4943478,,,37.78,571.25,86.46,,,,,,,252.2877778,327.895,482.1333333,,149.59,,,398.0596667,233.43,,312.0754545,217.5273913,269.28875,210.3390909,198.7045,,303.4085714,245.2118182,235.7210938,126.51,275.6519048,,168.42625,249.9433333,260.74
10/11/2014,,,207.6,,,,282.02,,108.09,,,,289.36,,,,,,,,446.2,163.24,,,,,,273.195,,,239.02,204.8733333,,183.61,186.1333333,,162.7066667,316.342,265.3075,,,,,,
10/13/2014,,243.7,294.2375,238.35,,399.16125,305.7666667,141.22,183.0735714,,,,177.21,176.42,,,,,,,121.3266667,155.165,341.96,212.74125,235,,,337.3164286,,,417.534,253.1518182,163.21,246.564,166.905,,257.56,311.3925,236.4277778,338.0425,426.69,,240.7616667,40.42,353.81
10/14/2014,,309.3075,193.295,300.904,303.94,355.2866667,219.8025,306.8875,221.27875,,,,151.08,280.65,,,,,,,278.0416667,251.36875,,260.6481818,,,,363.4145455,277.23,,298.8142857,245.48375,334.1175,220,224.254,,250.50875,206.725,269.6016667,228.8866667,374.771,,219.9744444,356.8133333,
10/15/2014,,388.0675,191.9,242.5,239.992,294.8316667,223.851,290.5114286,219.35875,,,225,151.3,355.56,,,,263.55,,,152.45,224.11,,208.0342857,78.54,,,372.8585714,300.5133333,391.85,324.89,178.1208333,228.5561538,165.4033333,267.673,,315.6309091,254.762,250.4988462,113.765,250.792,134.31,305.0214286,73.73666667,361.43
10/16/2014,,426.452,409.748,258.2,208.27,359.7677778,219.3672727,317.93,239.2878261,,,,89.7,166.8,,,,,,,198.19,229.0433333,217.05,215.61,170.84,,,293.5158333,303.1866667,,154.975,228.13,252.7342857,,248.23125,,204.3342857,256.035,258.7813333,220,249.992,,251.5166667,119.545,441.51
10/17/2014,165.79,172.6533333,320.66,124.266,160.16,272.706,309.3015385,301.3,256.1865217,,,325,90.22,423.676,,,,,,,270.355,290.875,306.65875,263.6903125,,,,372.698,220,,207.5333333,192.2071429,252.3607692,129.49,245.6615385,,292.968,260.8414286,256.53,184.0575,240.603,,274.2275,187.32,471.6725
10/18/2014,,284.0766667,378.3133333,319.44,,256.71,401.17,,132.66,,,,266.57,,80.82,,,,,,,64.095,,126.8,,,,436.1685714,,,183.02,270.2933333,,,255.08625,,167.4,197.795,218.36,298.275,274.66,,220,,
10/20/2014,,205.3583333,246.07,408.24,203.495,263.014,262.5677778,186.45,200.6609091,,,,140.305,169.41,,,,,,,252.335,230.9725,303.105,287.8054545,61.35,,,364.999,182.3975,,287.27,205.242,272.7342857,190.594,279.4744444,,155.6066667,108.458,247.7575,177.18,215.6,,166.505,144.7066667,
10/21/2014,,317.9125,370,168.9975,,167.9,192.7316667,486.7133333,230.6564706,,,,99.7,230.46,179.61,,,,,,254.84875,233.2283333,352.655,197.3124,,,,380.6084615,,,252.276,205.9188889,170.634,244.884,185.7714286,,177.97,222.95,213.6607692,160.505,350.07875,,248.3777778,266.27,304.5533333
10/22/2014,,269.28,301.3775,278.1066667,220,259.43,294.6018182,288.968,198.6593333,,,220,318.97,289.83,,,,,,,39.32,613.71,330.3633333,177.5642308,169.52,,,456.2757143,117.1,,221.0266667,183.7609091,214.4033333,249.745,208.8325,,244.226,325.93125,232.3640541,220,371.3257143,,276.22,235.0133333,
10/23/2014,,201.4175,290.4861538,253.8366667,42.2,200.7075,366.2290909,297.89,191.616,,,,276.295,285.075,,,,,,,524.12,201.06125,380.5033333,204.2834375,,,,474.08,132.72,,383.3852941,173.4823077,441.67,241.122,309.3546667,,259.0666667,266.8825,242.7767857,200.095,288.683,,203.54,,347.45
10/24/2014,225,292.41625,218.095,275.03,175.8333333,200.7533333,236.8818182,306.555,269.177931,,,,,189.895,303.14,,,,444.18,,250.945,217.2277778,372.3166667,242.0497727,70.82,,,341.16,164.42,,237.4396429,271.0985,248.8309091,,218.0772727,,263.8975,306.0644444,238.0095588,,313.7510526,,243.692,266.32,225.985
10/25/2014,,159.31,285.985,,,220,186.39,,457.9125,,,,262.99,347.03,,,,,,,144.86,283.154,,225.1133333,,,,299.85625,,,140.065,282.44,139.43,,170.9875,,162.6266667,372.7275,340.313,,325.145,,,31.44,
10/27/2014,,,277.5925,192.75,,170.444,205.88375,348.3675,225.285,,,,226.96,190.85,478.88,,,,,,220.325,342.924,253.9,229.9655172,157.645,,,429.1994118,220,117.22,286.0336364,180.8171429,190.93875,124.465,185.308,,303.6784615,84.695,262.4646809,,289.0263636,,220,110.55,251.8166667
10/28/2014,,152.5175,270.1675,87.09,,173.67,345.3957143,253.165,197.5514286,,,,240.2125,77.78,,,,,,,229.8425,276.4655556,385.1975,313.6344444,,,,401.2046154,330.4466667,,323.8325,198.9781818,349.246,210.0525,241.9833333,,407.8528571,462.9366667,267.5334615,220,323.4411111,291.26,440.2825,331.0366667,
10/29/2014,,169.91375,326.508,248.89,,190.88,316.3275,387.028,222.692,,,,150.9933333,203.695,74.35,,,,,,254.24,291.0025,406.64,312.0138889,,,,389.203,256.858,,234.945,171.23875,149.21,306.84,294.85,,159.074,362.15125,286.257027,255.265,280.73125,,282.99,231.46,
10/30/2014,,157.9057143,107.34,154.1266667,326.36,244.6557143,177.85,202.735,197.909375,,,,137.255,174.6566667,161.23,,,,,,247.958,195.222,323.686,195.668,32.99,,276.82,508.3182353,497.65,,253.6428571,159.3007143,258.712,211.73,175.2723077,,284.8544444,199.605,218.749,177.325,346.4110526,,157.1333333,,420.985
10/31/2014,,236.9514286,291.2166667,265.5125,160.135,235.8525,273.3866667,357.4966667,209.0842105,,,,93.57428571,209.8933333,317.375,,,,,,265.7475,234.8408333,556.525,172.4318182,151.8933333,,,525.6805882,395.4966667,,292.27875,181.1504545,213.1386364,213.86125,236.48,,197.752,207.2277778,227.8546479,299.01,233.22875,,311.24,160.965,359.366
11/1/2014,,,,,,,,,,,,,,,,,,,,,,,,,,,,,,,,,,,,,,103.05,,,,,,,
11/3/2014,,210.75,417.982,234.074,,281.6566667,228.4809091,251.6833333,236.7470833,65.46,,101.245,203.9025,198.8483333,,,,,,,268.5775,127.2175,420.5233333,,39.57,,,400.3046667,245.1485714,,237.1221053,168.2258696,247.5666667,214.8775,198.4045455,,247.77375,227.5525,242.6089855,220,290.4085714,,221.10625,95.36333333,283.21
11/4/2014,,173.4328571,333.33,143.935,133.34,230.845,266.8769231,288.41,210.9678947,,,,131.8075,289.2575,,,,,,,104.1666667,347.15,332.7975,,,,,286.9045455,220,233.66,279.1172,191.6418182,280.432,263.39,190.605,,218.1269231,156.4145455,273.1964063,254.9275,307.0595,,207.7416667,94.88333333,173.2933333
11/5/2014,,,350,403.865,303.1033333,220,258.2590909,276.1866667,221.7021429,,,,,198.325,,,,,,,256.95,220,71.26,,,,,313.9973333,376.4666667,,383.1746667,164.9632143,192.3257143,113.71,229.9309091,,201.607,288.085,257.1727941,234.6242857,371.48375,,276.8115385,121.15,363.7366667
11/6/2014,,225.1291667,184.3566667,415.712,,280.8075,230.355,510.6875,207.6723077,,,,,189.85,,,,,,,277.4416667,364.845,334.785,,,,,338.31375,94.3,,326.5247059,163.8276923,224.4871429,253.9985714,305.2964286,,316.95,270.9783333,274.1355882,220,247.8229412,,264.9175,214.1275,441.506
11/7/2014,,313.6633333,196.7528571,273.1442857,198.025,279.335,379.175,313.19,232.5175676,,,,223.075,,,,,,,,184.83,191.9833333,246.495,,,,,400.5129412,198.8766667,,379.4194118,203.0357143,211.5388889,147.5116667,170.479375,,204.6085714,177.9707143,273.7485294,282.1116667,350.98,,289.1654545,230.265,318.83
11/8/2014,,,,40.27,,247.17,,,136.95,,,,,,,,,,,,,351.32,,,,,,312.85,,,244.8166667,184.07,274.29,,220,,,25.53,496.1685714,220,298.2533333,,320.33,93.935,
11/10/2014,,239.761,63.22,189.7233333,,237.865,237.7725,298.5366667,220.4636842,,,86.44,155.698,147.3633333,153.36,,,,,,107.115,174.738,,,179.52,,,284.120625,,,296.9222222,189.7713333,355.7571429,272.68,279.136,,137.7664286,113.3114286,219.0904348,234.545,290.7452941,,419.76,15.71,185.565
11/11/2014,,145.5933333,279.97,496.495,182.8,256.4716667,591.08,524.75,231.9947619,,,,168.625,271.26,,,,,,,107.16,222.63,403.16,,,,,328.7691667,283.7642857,,297.2875,154.8447619,94.29,203.892,200.34125,,320.841,191.3133333,352.1781818,212.7166667,336.2633333,,318.68,104.49,376.1
11/12/2014,,349.6633333,158.29,180.4533333,267.14,235.605,218.584,212.605,241.5513636,,,,119.39,509.64,,,,270.93,,,198.9533333,588.49,58.82,,121.62,,,381.5789474,220,,426.7118182,165.3835714,163.2975,354.47,195.073125,,227.1266667,188.76,256.7788,294.855,262.6222222,,247.6744444,174.9066667,289.0766667
11/13/2014,,140.044,337.05,394.7533333,199.7466667,351.1766667,288.1966667,,198.6557895,,,,163.36,127.988,,,,,,,259.29875,511.8783333,278.76,,,,,305.162,233.13,,212.232,157.9177778,356.786,328.094,174.494,,320.1178571,259.4777778,265.7194118,234.3683333,283.81,,176.7142857,68.0975,400.08
11/14/2014,,172.1975,148.1225,172.91,220,273.21375,227.9345455,251.5525,229.1605714,,,,241.14,210.2466667,155.23,,,,,,262.1185714,167.6042857,252.74625,,,,45.19,378.04375,148.5066667,,280.706087,205.4221212,262.9633333,295.01,166.0515,502.44,259.7578947,200.5209091,258.8662921,217.6591667,349.1135294,,185.6042857,231.96,254.04
11/15/2014,,,337.42,,,296.425,94.36,,183.1214286,,,,367.38,,,,,,,,196.5433333,109.3,,,,,,249.25,,,163.9066667,148.2214286,25.02,387.9,97.64,,123.6166667,165.38,313.9182353,220,325.8466667,,301.9633333,132.28,239.115
11/17/2014,,140.75,356.595,297.1185714,199.798,158.915,236.2472727,342.886,198.2986207,115.92,,,186.43,278.05,,,,,,,257.6675,204.1577778,291.3466667,,381.19,,155.74,379.616087,285.775,,286.08875,219.4871429,183.004,240.56,200.4825,,188.3583333,205.5153333,282.4141509,233.42,362.9825,,591.1575,134.69,106.165
11/18/2014,,242.5685714,458.25,130.3166667,305,185.3883333,215.1866667,357.51,244.086875,,,,263.945,269.78,,,,,,,193.4475,360.13,246.645,,,,,527.9025,112.87,,237.0228571,203.737,266.946,227.72,251.932,,301.79875,396.2357143,331.3347727,318.28,302.434,,304.3914286,202.935,722.1333333
11/19/2014,,172.06,,481.3066667,174.97,218.5825,258.15,207.29,237.9125,,,,121.1,196.76,,,,,,,156.045,250.0985714,180.384,,,,,477.8663158,205.495,,283.5646667,220.742963,363.2014286,253.022,172.7585714,,286.6957143,65.292,288.1876786,187.0775,274.6616667,,327.9944444,90.05,497.66
11/20/2014,,245.0333333,395.47,108.645,220,160.3675,266.9907143,418.18,216.44,,,,274.3475,111.2,401.63,,,,,,215.2266667,198.6525,293.33,,218.19,,,362.7052632,,,187.9446154,176.3664706,257.2525,147.04,237.365,,278.33,263.6675,320.7892157,195.89,269.1327273,,256.2157143,176.3866667,194.9866667
11/21/2014,,161.1614286,332.0127273,45.63,255,355.0166667,224.6457143,371.33375,249.7931818,,,86.73,389.13,466.245,,,,,,,223.192,229.0533333,242.546,,,,,392.035,149.75,,185.7316667,218.5682609,203.99375,240.9377778,205.8647368,,240.8176471,333.76875,312.9469333,191.036,215.6,,190.1775,160.926,283.5766667
11/22/2014,,93.23,,642.34,,207.8166667,230.39,204.8,227.44,220,,,,,,,,,,,,268.675,88.59,,,,,349.92,504.31,,199.54,130.1111111,235.51,220,147.2966667,,156.904,,241.9625,266.5333333,334.3142857,,401.93,,483.12
11/24/2014,,309.9433333,306.454,244.8175,309.305,211.6071429,271.3766667,139.86,232.745,,,,162.51,206.22,37.41,,,,,,159.0011111,228.93,214.5633333,,48.725,,,438.2627273,368.1833333,,244.8552632,159.6392,294.066,242.1425,222.76875,,281.2207143,157.40875,287.623871,313.86,271.3885,,326.195,158.88,
11/25/2014,,201.4175,360.456,196.47,,193.36,375.5,460.35,213.0113333,,,194.85,216.7716667,183.4675,,,,,,,201.71,226.345,245.25,,,,,419.67,234.7283333,,333.6633333,181.0670588,202.1775,206.6066667,199.0969231,,340.606,254.6077778,264.7884127,209.8,277.948125,,194.2757143,53.272,194.985
11/26/2014,,418.0844444,256.4316667,239.122,254.6233333,233.578,338.7111111,364.465,211.4417391,,,252.48,273.785,146.53,216.73,,,,,,187.2083333,271.6033333,291.733,,140.47,,,338.426,326.415,,287.8144444,275.6585,235.972,222.672,289.3525,,225.5007143,250.4655556,284.07875,311.44,187.348,,292.6385714,181.52,445.3233333
11/28/2014,,505.685,286.3175,205.37,141.72,190.5542857,358.253125,229.54,219.5821277,,,,258.715,198.864,,,,,,,222.285,229.5122222,217.7075,,,,,326.2977778,220,,224.6541667,223.3746341,304.95,450.4425,266.369375,,208.0766667,151.0923077,278.0125,291.0033333,164.4864286,,155.8183333,168.9566667,254.11
11/29/2014,,,,,,,235.164,,190.3314286,,,,475,,,,,,,,349.59,475,127.67,,,,,311.165,,,257.3275,229.22,350.5633333,,237.09,,272.3466667,192.425,263.099375,,238.38,,,,24.67
12/1/2014,,287.59,116.7366667,235.094,216.29,233.1233333,288.69,144.025,205.9913043,,,,179.7566667,245.0766667,,,,,,,360.5185714,179.015,225.5733333,,147.67,92.69,185.68,316.6827273,237.926,,274.7788,160.8194444,219.934,156.02375,246.3815385,,254.31,307.612,224.0747541,140.5533333,339.1373333,,229.025,84.82,365.895
12/2/2014,,229.87,798.02,325.86,38.45,175.5571429,197.553,430.92,224.7021212,,,,355.73,131.11,,,,,,,353.6675,206.388,152.816,,176,,,342.8422222,220,,252.4344444,167.3025,203.24,195.71,183.07375,,179.98,260.75,267.5150877,282.0833333,367.7413043,,336.47375,230.1283333,329.81
12/3/2014,,274.29,310.91,421.9325,220,193.0233333,257.38,253.97,235.84375,,,43.15,389.09,,335.63,,,,,,161.3283333,214.5388889,428.50875,,280.86,,,315.884,238.9233333,,248.9572222,157.7393333,51.44,134.0766667,222.4842857,,180.1592857,281.05,276.7015942,259.428,306.6461111,,248.8385714,239.355,299.0966667
12/4/2014,,743.615,267.0533333,200.474,220,217.594,264.9114286,329.785,217.4672414,,,,298.79,233.02,28.95,,,,,,173.26,311.255,249.8518182,,71.855,,,330.7817647,139.7925,,169.877,161.1188889,418.1275,194.7533333,154.226875,,299.9969231,246.235,270.9841667,220,239.2033333,,215.7371429,79.245,440.3766667
12/5/2014,,265.6566667,110.79,272.165,142.76,335.868,215.9158333,488.3,240.3165385,,,135,,199.765,135.68,,,,,,166.415,215.2081818,220.8225,,,,,389.67625,246.56,,287.0173684,205.41375,241.6028571,234.39,225.776875,,315.9216667,299.1833333,271.3784,295.134,234.5484211,,266.0791667,142.92,321.2625
12/6/2014,,,,,,,569.61,,585.42,,,,,,,,,,,,,305.92,,,,,,348.555,,,,1020.295,21.19,303.51,220,,,73.26,285.5242857,,,,244.08,,311.57
12/8/2014,,251.735,435.4833333,212.5475,272.5,288.7811111,319.615,206.4,232.0835714,,,,237.6066667,,348.295,,,,,,195.735,250.82,428.0366667,,217.51,,,456.7641176,231.75,,278.0263636,146.54375,218.5725,202.7975,276.476,,235.6757143,179.2757143,293.1903774,206.3133333,271.1721429,,165.0216667,341.02,424.2685714
12/9/2014,,400.454,414.08,275.54,220,220,317.26,244.986,192.8019048,,,,144.9275,,,,,,,,273.0175,333.374,301.178,,124.94,,,260.02,396.825,,249.1718182,194.2853846,177.75,243.644,204.0564286,,257.0116667,163.475,287.4358696,194.3475,287.2576923,,360.25,316.294,229.1566667
12/10/2014,,828.37,176.96,130.47,220,,262.3311111,222.22,265.0965,,,,156.4,377.06,,,,,,,177.714,189.3622222,340.62,,147.1233333,,,430.1466667,188.5866667,,315.9861905,207.8479167,358.8485714,226.4033333,251.8871429,,237.9146154,228.0471429,281.2137705,221.01,232.9,,217.8722222,151.2875,277.42
12/11/2014,,235.3657143,206.9666667,232.76,135,314.86,309.67,373.33,173.0896296,103.74,,,246.9285714,411.84,,,,,,,391.745,234.1033333,249.695,,,,,516.8026667,225.9575,650.23,382.1546154,191.7310526,183.77875,111.14,289.9664286,,235.125625,261.585,304.5409804,189.3833333,318.358125,,190.63,104,509.07
12/12/2014,,146.08,164.195,371.2833333,,232.7211111,224.2841667,285.498,240.8493333,,,,147.33,210.8025,641.06,,,,,,413.96,241.64125,307.975,,396.165,,,382.0495,225.04,,309.8570588,195.4228571,135.3566667,163.2433333,212.5080952,,405.7833333,297.54,298.0869512,250.284,236.6023077,,202.78,104,305.72
12/13/2014,,178.24,358.265,345.89,,135,354.3,,202.96125,,,,,76.04,,,,,,,199.895,157.8333333,127.67,,,,,382.565,,,215.9366667,234.442,213.3,,206.3525,,155.67,194.545,216.623125,243.6,230.354,,240.53,72.34,
12/15/2014,,187.50375,95.665,201.9325,220,256.39,256.5483333,484.91,207.2931034,,,,189.765,270.6066667,94.305,,,,,,207.66125,209.405,239.4233333,,369.345,,,358.8658333,138.5633333,,377.9692857,142.9015385,191.5,221.1266667,222.3109091,,290.3028571,303.505,227.4144286,213.324,267.7291667,,229.6575,225.8871429,396.77
12/16/2014,,200.35,256.85,152.27,,283.03,226.305,233.295,214.26375,,,254.545,477.43,196.02,,,,,,,211.3571429,138.2933333,,,,,,450.7033333,301.9533333,,288.5775,180.7126667,240.29,214.2175,137.3938462,,257.413,221.9733333,252.4532075,177.1933333,239.5410526,,264.6575,,465.474
12/17/2014,,229.4842857,347.8816667,156.2933333,350.805,201.4483333,409.1,322.755,226.4665,,,,252.19,142.39,,,,,,,373.31,215.8616667,323.5971429,,,,,316.06,156.77,,234.6325,171.1533333,322.5642857,36.345,154.3442857,,235.5127273,238.102,298.8654717,291.6,188.407,,225.9775,199.6883333,334.2533333
12/18/2014,,335.6066667,68.135,126.18,,278.97375,193.1185714,332.11,344.8028571,,,,277.6133333,323.405,,,,,,,176.96,179.2828571,228.1375,,167.01,,,456.6178571,,,354.0433333,227.96875,154.1383333,247.975,239.9369231,,254.0757143,201.875,277.7281667,135.66,378.9522222,,235.17875,321.71,
12/19/2014,,430.218,385.8314286,183.53,,246.6866667,297.8441667,378.3633333,241.3081481,,,,213.77,218.495,,,,,,,244.0707692,243.155,323.2175,,,,,365.6771429,248.38,,214.6446154,307.918,245.6,166.4183333,213.7547059,,186.1704545,147.9133333,285.387439,231.81,350.88,164.33,195.1455556,173.88,
12/22/2014,,290.81,404.884,226.085,21.94,223.92,273.5733333,245.7633333,244.3014286,,,,45.085,101.625,,,,,,,161.27,331.7333333,203.53,,220.8166667,,,390.1982353,300.29,,271.0118182,166.4775,178.2566667,220,246.72,,232.0073333,226.3683333,258.6477778,317.67,237.037,,417.1533333,87.31333333,108.16
12/23/2014,,149.28,146.11,415.4633333,220,261.0516667,352.907,265.194,231.4142105,,,,200.275,275,,,,,,,275.4828571,241.0892308,72.61,,206.405,,,346.6916667,180.685,,367.1825,177.0163636,213.958,291.43,253.24,,195.0127273,246.46,314.6434783,393.9533333,352.5946667,,254.2428571,286.728,295.9333333
12/24/2014,,124.4533333,337.92,209.72,,587.15,314.5666667,243.7833333,226.5416667,,,,,166.88,,,226.88,,,,147.3933333,232.52,503.92,,,,,338.6215385,,,311.4433333,195.9363636,188.2466667,251.2466667,174.3157143,,208.6788889,119.115,314.0570455,220,235.0011765,,288.0966667,,195.11
12/26/2014,,229.9016667,506.77,171.1325,220,310.2122222,227.73,281.176,235.04,220,,,112.9775,53.935,220,,124.7,,,,183.4122222,213.867,250.51,,139.48,,,330.8236364,177.27,,390.3861538,247.9521429,146.675,170.48,185.2681818,,229.35,155.566,227.8474242,220,245.86125,,197.5228571,126.585,268.3975
12/27/2014,,,,,,,317.81,,220,,,,,,,,,,,,,,,,,,,638.59,,,,,,,,,154.13,,,,,,,,
12/29/2014,,358.96,131.13,45.74,,216.5757143,214.1433333,200.0666667,245.9852941,,,,245.65,129.48,102.67,,,,,,138.81,393.6466667,406.14,,386.82,,,332.498,108.59,,393.99,157.2415385,159.99,373.854,209.12375,,364.64,367.0866667,295.2476471,172.155,267.9694118,,327.9528571,236.45,336.81
12/30/2014,,308.76,131.6633333,475,,382.12,207.2115385,145.27,206.3126087,,,,135,171.815,235.89,,,,,,216.49,249.88,297.245,,129,,,333.1584615,168.56,,272.6321429,143.0814286,314.5466667,188.23,151.073,,268.8257143,262.93,324.3486957,221.6666667,303.9352632,,177.9514286,176.8775,301.2533333
12/31/2014,,106.6466667,183.362,328.9071429,,201.8233333,240.8318182,527.23,221.398125,,,,132.505,304.415,,,,,,,316.4857143,170.73,293.005,,,,,300.56125,211.835,,305.789,205.2164286,290.7342857,192.20125,225.1083333,,186.2785714,283.6016667,262.5553425,297.32,295.5620833,,327.2883333,105.64,264.425
2/2/2015,,,156.917,145.8271,,179.2083333,259.5601111,,221.7428286,,,,,182.078,,,,,,,316.504,227.98995,216.408,,229.712,,,275.625,220,,249.4260889,334.9023077,221.8092455,232.579,206.422,,274.0938,367.54,255.9526328,574.166,213.0422563,,304.1374,194.577,293.759
2/3/2015,,390.9623636,302.6763167,193.6974833,,331.535,196.9436667,,228.64152,,,,144.539,128.9045,,,,,,,650.227,307.47764,684.4296,,,,,340.63866,387.7942,,217.2637,147.9284545,231.9377667,295.4415333,316.268,,343.6008333,198.055,243.6318862,195.9824,250.03355,,258.1016556,,279.7254
2/4/2015,,198.7914545,238.7457556,182.2045,,296.4419967,195.0772583,262.2606667,219.8926192,,,,,,,,,,,,210.4144833,289.7579857,307.4595,,220,,,336.4391905,288.1115,,339.7295294,173.62762,199.25526,202.1078143,257.502375,,228.2034545,165.77032,253.3534254,186.6255,238.3580941,,381.8283,107.0225,194.8316857
2/5/2015,,307.83705,195.823875,249.31034,139.871,208.2237667,275.8451765,315.628,251.5543682,,,,341.0725,207.8035,,,,,,,416.6248333,210.8391167,389.4434,,17.0625,,,369.5922727,222.503,,274.9011111,178.748475,248.00122,294.6749556,237.40988,,211.9757917,201.1557667,237.8674591,176.5,355.08325,,277.8762,218.5425,413.2430667
2/6/2015,,140.4251628,213.8681091,141.8007667,,225.2249091,255.1337857,440.55375,227.4183529,,,,97.10686667,274.4545,,,,,,,248.107375,240.8608941,353.31512,,315.952,,,404.5867545,350.69325,,275.3395,213.3896917,235.2393278,244.0663333,245.0519647,,251.0792,246.4789706,239.9674576,289.06,262.3689688,,334.15882,171.287,465.9938333
2/7/2015,,72.0797,,425.408,,,127.708,,135.0163167,,,,,,,,,,,,,37.2738,121.63525,,,,,,625.162,,223.304,207.889,,,143.797325,,359.659,145.6831333,250.10005,,70.9846,,163.776,,
2/10/2015,,206.76775,91.908,426.637,,184.8063333,390.768,,220,,,,,285.9026667,,,,,,,249.717,257.82825,,,162.0875,,,369.2087875,,,258.7756667,131.3096167,157.6983833,204.282,206.31435,,170.28345,131.61045,244.7027765,155.864,263.3046,,185.9355,,145.497
2/11/2015,,245.5044308,142.4308667,228.8753833,,261.5752143,401.1403231,190.589,243.3105357,,,,215.6895286,135.97606,,,,,,,149.1021333,192.9273154,302.773875,,,,,420.7961429,237.456,,418.1522235,202.7381417,297.2009,263.7079143,223.0010286,,329.4284083,229.6429071,253.283388,228.81275,270.8652538,,176.7713333,,187.37395
2/12/2015,,232.3628714,173.8459125,210.3776,,305.9081667,240.7497154,249.9783333,167.3246154,,,,110.4117667,153.349,,,,,,,265.8415714,242.3188529,245.2211667,,200.8266667,,,341.4855526,204.44375,,291.6775947,196.7459867,195.8359636,271.953,244.0113167,,281.8604,224.7476667,273.1594028,230.3071,251.8359524,,294.70072,,250.6323333
